"Countries, territories and areas",Year,valor
Argentina,1974,23803
Argentina,1975,23108
Argentina,1976,39291
Argentina,1977,36538
Argentina,1978,9551
Argentina,1979,9985
Argentina,1980,16102
Argentina,1981,17582
Argentina,1982,4432
Argentina,1983,7106
Argentina,1984,31751
Argentina,1985,9240
Argentina,1986,6448
Argentina,1987,8024
Argentina,1988,4751
Argentina,1989,4009
Argentina,1990,1967
Argentina,1991,42093
Argentina,1992,20551
Argentina,1993,5087
Argentina,1994,134
Argentina,1995,655
Argentina,1996,59
Argentina,1997,125
Argentina,1998,10229
Argentina,1999,313
Argentina,2000,6
Argentina,2001,0
Argentina,2002,0
Argentina,2003,0
Argentina,2004,0
Argentina,2005,0
Argentina,2006,0
Argentina,2007,0
Argentina,2008,0
Argentina,2009,3
Argentina,2010,17
Argentina,2011,3
Argentina,2012,2
Argentina,2013,0
Argentina,2014,1
Argentina,2015,0
Argentina,2016,0
Argentina,2017,3
Argentina,2018,14
Argentina,2019,130
Argentina,2020,69
Argentina,2021,0
Australia,1974,
Australia,1975,
Australia,1976,
Australia,1977,
Australia,1978,
Australia,1979,
Australia,1980,
Australia,1981,
Australia,1982,
Australia,1983,
Australia,1984,
Australia,1985,
Australia,1986,
Australia,1987,
Australia,1988,248
Australia,1989,169
Australia,1990,880
Australia,1991,1380
Australia,1992,1425
Australia,1993,4536
Australia,1994,4895
Australia,1995,1198
Australia,1996,498
Australia,1997,853
Australia,1998,327
Australia,1999,235
Australia,2000,108
Australia,2001,141
Australia,2002,32
Australia,2003,91
Australia,2004,70
Australia,2005,10
Australia,2006,
Australia,2007,11
Australia,2008,65
Australia,2009,104
Australia,2010,70
Australia,2011,190
Australia,2012,199
Australia,2013,158
Australia,2014,340
Australia,2015,74
Australia,2016,99
Australia,2017,81
Australia,2018,103
Australia,2019,286
Australia,2020,25
Australia,2021,0
Bahamas,1974,432
Bahamas,1975,14
Bahamas,1976,933
Bahamas,1977,1831
Bahamas,1978,222
Bahamas,1979,1659
Bahamas,1980,484
Bahamas,1981,45
Bahamas,1982,50
Bahamas,1983,2868
Bahamas,1984,36
Bahamas,1985,26
Bahamas,1986,85
Bahamas,1987,42
Bahamas,1988,22
Bahamas,1989,59
Bahamas,1990,72
Bahamas,1991,0
Bahamas,1992,0
Bahamas,1993,0
Bahamas,1994,0
Bahamas,1995,0
Bahamas,1996,0
Bahamas,1997,1
Bahamas,1998,0
Bahamas,1999,0
Bahamas,2000,0
Bahamas,2001,0
Bahamas,2002,0
Bahamas,2003,0
Bahamas,2004,0
Bahamas,2005,0
Bahamas,2006,0
Bahamas,2007,0
Bahamas,2008,0
Bahamas,2009,0
Bahamas,2010,0
Bahamas,2011,0
Bahamas,2012,0
Bahamas,2013,0
Bahamas,2014,0
Bahamas,2015,0
Bahamas,2016,0
Bahamas,2017,0
Bahamas,2018,0
Bahamas,2019,3
Bahamas,2020,0
Bahamas,2021,0
Belize,1974,8
Belize,1975,429
Belize,1976,1341
Belize,1977,19
Belize,1978,216
Belize,1979,255
Belize,1980,607
Belize,1981,186
Belize,1982,6
Belize,1983,11
Belize,1984,4
Belize,1985,7
Belize,1986,124
Belize,1987,224
Belize,1988,74
Belize,1989,2
Belize,1990,25
Belize,1991,7
Belize,1992,11
Belize,1993,0
Belize,1994,0
Belize,1995,4
Belize,1996,0
Belize,1997,0
Belize,1998,0
Belize,1999,0
Belize,2000,0
Belize,2001,0
Belize,2002,0
Belize,2003,0
Belize,2004,0
Belize,2005,0
Belize,2006,0
Belize,2007,0
Belize,2008,0
Belize,2009,0
Belize,2010,0
Belize,2011,0
Belize,2012,0
Belize,2013,0
Belize,2014,0
Belize,2015,0
Belize,2016,0
Belize,2017,0
Belize,2018,0
Belize,2019,0
Belize,2020,0
Belize,2021,0
Bolivia (Plurinational State of),1974,5318
Bolivia (Plurinational State of),1975,2244
Bolivia (Plurinational State of),1976,6427
Bolivia (Plurinational State of),1977,8194
Bolivia (Plurinational State of),1978,3363
Bolivia (Plurinational State of),1979,5802
Bolivia (Plurinational State of),1980,4181
Bolivia (Plurinational State of),1981,7654
Bolivia (Plurinational State of),1982,720
Bolivia (Plurinational State of),1983,2034
Bolivia (Plurinational State of),1984,1270
Bolivia (Plurinational State of),1985,217
Bolivia (Plurinational State of),1986,346
Bolivia (Plurinational State of),1987,987
Bolivia (Plurinational State of),1988,1793
Bolivia (Plurinational State of),1989,669
Bolivia (Plurinational State of),1990,820
Bolivia (Plurinational State of),1991,2108
Bolivia (Plurinational State of),1992,4937
Bolivia (Plurinational State of),1993,3391
Bolivia (Plurinational State of),1994,1441
Bolivia (Plurinational State of),1995,76
Bolivia (Plurinational State of),1996,7
Bolivia (Plurinational State of),1997,7
Bolivia (Plurinational State of),1998,1004
Bolivia (Plurinational State of),1999,1441
Bolivia (Plurinational State of),2000,122
Bolivia (Plurinational State of),2001,0
Bolivia (Plurinational State of),2002,0
Bolivia (Plurinational State of),2003,0
Bolivia (Plurinational State of),2004,0
Bolivia (Plurinational State of),2005,0
Bolivia (Plurinational State of),2006,0
Bolivia (Plurinational State of),2007,0
Bolivia (Plurinational State of),2008,0
Bolivia (Plurinational State of),2009,0
Bolivia (Plurinational State of),2010,0
Bolivia (Plurinational State of),2011,0
Bolivia (Plurinational State of),2012,0
Bolivia (Plurinational State of),2013,0
Bolivia (Plurinational State of),2014,0
Bolivia (Plurinational State of),2015,0
Bolivia (Plurinational State of),2016,0
Bolivia (Plurinational State of),2017,0
Bolivia (Plurinational State of),2018,0
Bolivia (Plurinational State of),2019,0
Bolivia (Plurinational State of),2020,2
Bolivia (Plurinational State of),2021,0
Brazil,1974,20061
Brazil,1975,19764
Brazil,1976,73631
Brazil,1977,54410
Brazil,1978,51345
Brazil,1979,65552
Brazil,1980,99263
Brazil,1981,61281
Brazil,1982,39370
Brazil,1983,58259
Brazil,1984,80875
Brazil,1985,75993
Brazil,1986,129126
Brazil,1987,66059
Brazil,1988,26179
Brazil,1989,22853
Brazil,1990,61435
Brazil,1991,42537
Brazil,1992,7934
Brazil,1993,6037
Brazil,1994,35
Brazil,1995,793
Brazil,1996,580
Brazil,1997,52284
Brazil,1998,2781
Brazil,1999,908
Brazil,2000,36
Brazil,2001,1
Brazil,2002,1
Brazil,2003,2
Brazil,2004,0
Brazil,2005,6
Brazil,2006,57
Brazil,2007,0
Brazil,2008,0
Brazil,2009,0
Brazil,2010,68
Brazil,2011,43
Brazil,2012,2
Brazil,2013,220
Brazil,2014,876
Brazil,2015,214
Brazil,2016,0
Brazil,2017,
Brazil,2018,10330
Brazil,2019,20901
Brazil,2020,8448
Brazil,2021,668
Canada,1974,11985
Canada,1975,13143
Canada,1976,9158
Canada,1977,0
Canada,1978,5858
Canada,1979,22444
Canada,1980,13864
Canada,1981,2307
Canada,1982,1064
Canada,1983,934
Canada,1984,4078
Canada,1985,2816
Canada,1986,14941
Canada,1987,2385
Canada,1988,609
Canada,1989,11145
Canada,1990,1033
Canada,1991,6178
Canada,1992,2742
Canada,1993,203
Canada,1994,523
Canada,1995,2361
Canada,1996,327
Canada,1997,579
Canada,1998,12
Canada,1999,29
Canada,2000,206
Canada,2001,34
Canada,2002,6
Canada,2003,15
Canada,2004,7
Canada,2005,6
Canada,2006,13
Canada,2007,101
Canada,2008,62
Canada,2009,14
Canada,2010,99
Canada,2011,803
Canada,2012,10
Canada,2013,83
Canada,2014,418
Canada,2015,195
Canada,2016,11
Canada,2017,45
Canada,2018,28
Canada,2019,113
Canada,2020,1
Canada,2021,0
Chile,1974,16806
Chile,1975,8413
Chile,1976,2542
Chile,1977,1062
Chile,1978,15381
Chile,1979,34390
Chile,1980,3844
Chile,1981,6527
Chile,1982,9438
Chile,1983,6752
Chile,1984,4785
Chile,1985,17101
Chile,1986,12563
Chile,1987,2623
Chile,1988,45079
Chile,1989,13008
Chile,1990,1958
Chile,1991,2098
Chile,1992,1
Chile,1993,1
Chile,1994,0
Chile,1995,0
Chile,1996,0
Chile,1997,58
Chile,1998,6
Chile,1999,31
Chile,2000,0
Chile,2001,0
Chile,2002,0
Chile,2003,1
Chile,2004,0
Chile,2005,0
Chile,2006,0
Chile,2007,0
Chile,2008,0
Chile,2009,1
Chile,2010,0
Chile,2011,6
Chile,2012,0
Chile,2013,0
Chile,2014,0
Chile,2015,9
Chile,2016,0
Chile,2017,0
Chile,2018,24
Chile,2019,11
Chile,2020,2
Chile,2021,0
Colombia,1974,25969
Colombia,1975,10706
Colombia,1976,23272
Colombia,1977,21362
Colombia,1978,20446
Colombia,1979,18144
Colombia,1980,9222
Colombia,1981,19612
Colombia,1982,9273
Colombia,1983,13099
Colombia,1984,11849
Colombia,1985,5572
Colombia,1986,5180
Colombia,1987,20620
Colombia,1988,14801
Colombia,1989,12598
Colombia,1990,12520
Colombia,1991,10391
Colombia,1992,7976
Colombia,1993,9105
Colombia,1994,525
Colombia,1995,410
Colombia,1996,160
Colombia,1997,67
Colombia,1998,61
Colombia,1999,44
Colombia,2000,1
Colombia,2001,3
Colombia,2002,139
Colombia,2003,0
Colombia,2004,0
Colombia,2005,0
Colombia,2006,0
Colombia,2007,0
Colombia,2008,0
Colombia,2009,0
Colombia,2010,0
Colombia,2011,6
Colombia,2012,1
Colombia,2013,1
Colombia,2014,0
Colombia,2015,1
Colombia,2016,0
Colombia,2017,0
Colombia,2018,208
Colombia,2019,244
Colombia,2020,1
Colombia,2021,0
Costa Rica,1974,512
Costa Rica,1975,743
Costa Rica,1976,1774
Costa Rica,1977,2054
Costa Rica,1978,361
Costa Rica,1979,6883
Costa Rica,1980,1000
Costa Rica,1981,170
Costa Rica,1982,167
Costa Rica,1983,39
Costa Rica,1984,11
Costa Rica,1985,1
Costa Rica,1986,4534
Costa Rica,1987,4004
Costa Rica,1988,358
Costa Rica,1989,33
Costa Rica,1990,76
Costa Rica,1991,6296
Costa Rica,1992,2361
Costa Rica,1993,273
Costa Rica,1994,0
Costa Rica,1995,35
Costa Rica,1996,24
Costa Rica,1997,26
Costa Rica,1998,27
Costa Rica,1999,23
Costa Rica,2000,0
Costa Rica,2001,0
Costa Rica,2002,0
Costa Rica,2003,1
Costa Rica,2004,0
Costa Rica,2005,1
Costa Rica,2006,
Costa Rica,2007,0
Costa Rica,2008,0
Costa Rica,2009,0
Costa Rica,2010,0
Costa Rica,2011,0
Costa Rica,2012,0
Costa Rica,2013,0
Costa Rica,2014,1
Costa Rica,2015,0
Costa Rica,2016,0
Costa Rica,2017,0
Costa Rica,2018,0
Costa Rica,2019,10
Costa Rica,2020,0
Costa Rica,2021,0
Cuba,1974,13874
Cuba,1975,10585
Cuba,1976,14882
Cuba,1977,25358
Cuba,1978,18751
Cuba,1979,7512
Cuba,1980,3924
Cuba,1981,18387
Cuba,1982,23408
Cuba,1983,3287
Cuba,1984,3315
Cuba,1985,2874
Cuba,1986,3312
Cuba,1987,858
Cuba,1988,121
Cuba,1989,12
Cuba,1990,12
Cuba,1991,17
Cuba,1992,12
Cuba,1993,2
Cuba,1994,0
Cuba,1995,1
Cuba,1996,0
Cuba,1997,0
Cuba,1998,0
Cuba,1999,0
Cuba,2000,0
Cuba,2001,0
Cuba,2002,0
Cuba,2003,0
Cuba,2004,0
Cuba,2005,0
Cuba,2006,0
Cuba,2007,0
Cuba,2008,0
Cuba,2009,0
Cuba,2010,0
Cuba,2011,0
Cuba,2012,0
Cuba,2013,
Cuba,2014,0
Cuba,2015,0
Cuba,2016,0
Cuba,2017,0
Cuba,2018,0
Cuba,2019,0
Cuba,2020,0
Cuba,2021,0
Dominica,1974,171
Dominica,1975,1
Dominica,1976,122
Dominica,1977,85
Dominica,1978,0
Dominica,1979,178
Dominica,1980,0
Dominica,1981,27
Dominica,1982,2
Dominica,1983,1
Dominica,1984,188
Dominica,1985,64
Dominica,1986,45
Dominica,1987,82
Dominica,1988,10
Dominica,1989,9
Dominica,1990,13
Dominica,1991,6
Dominica,1992,0
Dominica,1993,0
Dominica,1994,0
Dominica,1995,0
Dominica,1996,0
Dominica,1997,0
Dominica,1998,0
Dominica,1999,0
Dominica,2000,0
Dominica,2001,0
Dominica,2002,0
Dominica,2003,0
Dominica,2004,0
Dominica,2005,0
Dominica,2006,0
Dominica,2007,0
Dominica,2008,0
Dominica,2009,0
Dominica,2010,0
Dominica,2011,0
Dominica,2012,0
Dominica,2013,0
Dominica,2014,0
Dominica,2015,0
Dominica,2016,0
Dominica,2017,0
Dominica,2018,0
Dominica,2019,0
Dominica,2020,0
Dominica,2021,0
Dominican Republic,1974,4148
Dominican Republic,1975,4224
Dominican Republic,1976,7225
Dominican Republic,1977,5707
Dominican Republic,1978,5796
Dominican Republic,1979,8944
Dominican Republic,1980,9760
Dominican Republic,1981,3410
Dominican Republic,1982,3671
Dominican Republic,1983,2960
Dominican Republic,1984,4429
Dominican Republic,1985,4417
Dominican Republic,1986,501
Dominican Republic,1987,499
Dominican Republic,1988,692
Dominican Republic,1989,1505
Dominican Republic,1990,3477
Dominican Republic,1991,7512
Dominican Republic,1992,7650
Dominican Republic,1993,4637
Dominican Republic,1994,3
Dominican Republic,1995,0
Dominican Republic,1996,0
Dominican Republic,1997,1
Dominican Republic,1998,14
Dominican Republic,1999,274
Dominican Republic,2000,253
Dominican Republic,2001,113
Dominican Republic,2002,0
Dominican Republic,2003,0
Dominican Republic,2004,0
Dominican Republic,2005,0
Dominican Republic,2006,0
Dominican Republic,2007,0
Dominican Republic,2008,0
Dominican Republic,2009,0
Dominican Republic,2010,0
Dominican Republic,2011,2
Dominican Republic,2012,0
Dominican Republic,2013,0
Dominican Republic,2014,0
Dominican Republic,2015,0
Dominican Republic,2016,0
Dominican Republic,2017,0
Dominican Republic,2018,0
Dominican Republic,2019,0
Dominican Republic,2020,0
Dominican Republic,2021,0
Ecuador,1974,3906
Ecuador,1975,241
Ecuador,1976,7009
Ecuador,1977,2438
Ecuador,1978,870
Ecuador,1979,4206
Ecuador,1980,2722
Ecuador,1981,4678
Ecuador,1982,1647
Ecuador,1983,2556
Ecuador,1984,6979
Ecuador,1985,1183
Ecuador,1986,839
Ecuador,1987,1537
Ecuador,1988,8004
Ecuador,1989,3649
Ecuador,1990,1646
Ecuador,1991,1585
Ecuador,1992,4356
Ecuador,1993,3627
Ecuador,1994,3668
Ecuador,1995,919
Ecuador,1996,42
Ecuador,1997,0
Ecuador,1998,0
Ecuador,1999,0
Ecuador,2000,0
Ecuador,2001,2
Ecuador,2002,0
Ecuador,2003,0
Ecuador,2004,0
Ecuador,2005,0
Ecuador,2006,0
Ecuador,2007,0
Ecuador,2008,1
Ecuador,2009,0
Ecuador,2010,0
Ecuador,2011,257
Ecuador,2012,72
Ecuador,2013,0
Ecuador,2014,0
Ecuador,2015,0
Ecuador,2016,1
Ecuador,2017,0
Ecuador,2018,19
Ecuador,2019,0
Ecuador,2020,0
Ecuador,2021,0
El Salvador,1974,467
El Salvador,1975,511
El Salvador,1976,7227
El Salvador,1977,7567
El Salvador,1978,1621
El Salvador,1979,10371
El Salvador,1980,2315
El Salvador,1981,12554
El Salvador,1982,3664
El Salvador,1983,2407
El Salvador,1984,4775
El Salvador,1985,1413
El Salvador,1986,278
El Salvador,1987,405
El Salvador,1988,787
El Salvador,1989,0
El Salvador,1990,0
El Salvador,1991,0
El Salvador,1992,509
El Salvador,1993,38
El Salvador,1994,0
El Salvador,1995,0
El Salvador,1996,1
El Salvador,1997,0
El Salvador,1998,0
El Salvador,1999,0
El Salvador,2000,0
El Salvador,2001,2
El Salvador,2002,0
El Salvador,2003,0
El Salvador,2004,0
El Salvador,2005,0
El Salvador,2006,0
El Salvador,2007,0
El Salvador,2008,0
El Salvador,2009,0
El Salvador,2010,0
El Salvador,2011,0
El Salvador,2012,0
El Salvador,2013,0
El Salvador,2014,0
El Salvador,2015,
El Salvador,2016,0
El Salvador,2017,0
El Salvador,2018,0
El Salvador,2019,0
El Salvador,2020,0
El Salvador,2021,0
Fiji,1974,1911
Fiji,1975,1026
Fiji,1976,212
Fiji,1977,2384
Fiji,1978,441
Fiji,1979,1621
Fiji,1980,913
Fiji,1981,1003
Fiji,1982,902
Fiji,1983,313
Fiji,1984,827
Fiji,1985,152
Fiji,1986,385
Fiji,1987,1075
Fiji,1988,610
Fiji,1989,53
Fiji,1990,32
Fiji,1991,
Fiji,1992,969
Fiji,1993,425
Fiji,1994,39
Fiji,1995,414
Fiji,1996,39
Fiji,1997,828
Fiji,1998,
Fiji,1999,
Fiji,2000,
Fiji,2001,17
Fiji,2002,304
Fiji,2003,305
Fiji,2004,37
Fiji,2005,
Fiji,2006,136
Fiji,2007,0
Fiji,2008,0
Fiji,2009,1
Fiji,2010,0
Fiji,2011,
Fiji,2012,0
Fiji,2013,
Fiji,2014,
Fiji,2015,
Fiji,2016,5
Fiji,2017,
Fiji,2018,0
Fiji,2019,28
Fiji,2020,
Fiji,2021,
Guatemala,1974,926
Guatemala,1975,3007
Guatemala,1976,3791
Guatemala,1977,2682
Guatemala,1978,2178
Guatemala,1979,3351
Guatemala,1980,2703
Guatemala,1981,3472
Guatemala,1982,3992
Guatemala,1983,2762
Guatemala,1984,3072
Guatemala,1985,2272
Guatemala,1986,1650
Guatemala,1987,400
Guatemala,1988,182
Guatemala,1989,2413
Guatemala,1990,8802
Guatemala,1991,209
Guatemala,1992,97
Guatemala,1993,17
Guatemala,1994,204
Guatemala,1995,23
Guatemala,1996,1
Guatemala,1997,8
Guatemala,1998,1
Guatemala,1999,0
Guatemala,2000,0
Guatemala,2001,0
Guatemala,2002,0
Guatemala,2003,0
Guatemala,2004,0
Guatemala,2005,0
Guatemala,2006,0
Guatemala,2007,0
Guatemala,2008,0
Guatemala,2009,0
Guatemala,2010,0
Guatemala,2011,0
Guatemala,2012,0
Guatemala,2013,0
Guatemala,2014,0
Guatemala,2015,0
Guatemala,2016,0
Guatemala,2017,0
Guatemala,2018,1
Guatemala,2019,0
Guatemala,2020,0
Guatemala,2021,0
Guyana,1974,314
Guyana,1975,58
Guyana,1976,327
Guyana,1977,240
Guyana,1978,11
Guyana,1979,910
Guyana,1980,464
Guyana,1981,7
Guyana,1982,41
Guyana,1983,20
Guyana,1984,294
Guyana,1985,87
Guyana,1986,15
Guyana,1987,22
Guyana,1988,917
Guyana,1989,11
Guyana,1990,1
Guyana,1991,12
Guyana,1992,0
Guyana,1993,0
Guyana,1994,0
Guyana,1995,0
Guyana,1996,0
Guyana,1997,0
Guyana,1998,0
Guyana,1999,0
Guyana,2000,0
Guyana,2001,0
Guyana,2002,0
Guyana,2003,0
Guyana,2004,0
Guyana,2005,0
Guyana,2006,0
Guyana,2007,0
Guyana,2008,0
Guyana,2009,0
Guyana,2010,0
Guyana,2011,0
Guyana,2012,0
Guyana,2013,0
Guyana,2014,0
Guyana,2015,0
Guyana,2016,0
Guyana,2017,0
Guyana,2018,0
Guyana,2019,0
Guyana,2020,0
Guyana,2021,0
Honduras,1974,2346
Honduras,1975,3098
Honduras,1976,4206
Honduras,1977,2538
Honduras,1978,5219
Honduras,1979,4895
Honduras,1980,4188
Honduras,1981,5857
Honduras,1982,2446
Honduras,1983,1168
Honduras,1984,5028
Honduras,1985,6476
Honduras,1986,603
Honduras,1987,1437
Honduras,1988,1155
Honduras,1989,6353
Honduras,1990,8360
Honduras,1991,95
Honduras,1992,58
Honduras,1993,13
Honduras,1994,3
Honduras,1995,0
Honduras,1996,4
Honduras,1997,5
Honduras,1998,0
Honduras,1999,0
Honduras,2000,0
Honduras,2001,0
Honduras,2002,0
Honduras,2003,0
Honduras,2004,0
Honduras,2005,0
Honduras,2006,0
Honduras,2007,0
Honduras,2008,0
Honduras,2009,0
Honduras,2010,0
Honduras,2011,0
Honduras,2012,0
Honduras,2013,0
Honduras,2014,0
Honduras,2015,0
Honduras,2016,0
Honduras,2017,0
Honduras,2018,0
Honduras,2019,0
Honduras,2020,0
Honduras,2021,0
Jamaica,1974,595
Jamaica,1975,705
Jamaica,1976,1206
Jamaica,1977,49
Jamaica,1978,845
Jamaica,1979,82
Jamaica,1980,36
Jamaica,1981,5266
Jamaica,1982,2815
Jamaica,1983,1164
Jamaica,1984,236
Jamaica,1985,67
Jamaica,1986,30
Jamaica,1987,37
Jamaica,1988,30
Jamaica,1989,5726
Jamaica,1990,3651
Jamaica,1991,308
Jamaica,1992,0
Jamaica,1993,0
Jamaica,1994,0
Jamaica,1995,15
Jamaica,1996,4
Jamaica,1997,0
Jamaica,1998,2
Jamaica,1999,0
Jamaica,2000,0
Jamaica,2001,0
Jamaica,2002,0
Jamaica,2003,0
Jamaica,2004,0
Jamaica,2005,0
Jamaica,2006,0
Jamaica,2007,0
Jamaica,2008,2
Jamaica,2009,0
Jamaica,2010,0
Jamaica,2011,1
Jamaica,2012,0
Jamaica,2013,0
Jamaica,2014,0
Jamaica,2015,0
Jamaica,2016,0
Jamaica,2017,0
Jamaica,2018,0
Jamaica,2019,0
Jamaica,2020,0
Jamaica,2021,0
Kiribati,1974,9212
Kiribati,1975,0
Kiribati,1976,3
Kiribati,1977,78
Kiribati,1978,2683
Kiribati,1979,0
Kiribati,1980,170
Kiribati,1981,70
Kiribati,1982,11
Kiribati,1983,0
Kiribati,1984,1417
Kiribati,1985,2015
Kiribati,1986,2
Kiribati,1987,22
Kiribati,1988,264
Kiribati,1989,1612
Kiribati,1990,30
Kiribati,1991,8
Kiribati,1992,4357
Kiribati,1993,114
Kiribati,1994,292
Kiribati,1995,4
Kiribati,1996,13
Kiribati,1997,25
Kiribati,1998,355
Kiribati,1999,2
Kiribati,2000,0
Kiribati,2001,0
Kiribati,2002,0
Kiribati,2003,
Kiribati,2004,0
Kiribati,2005,0
Kiribati,2006,
Kiribati,2007,0
Kiribati,2008,0
Kiribati,2009,0
Kiribati,2010,0
Kiribati,2011,0
Kiribati,2012,0
Kiribati,2013,0
Kiribati,2014,0
Kiribati,2015,
Kiribati,2016,
Kiribati,2017,0
Kiribati,2018,0
Kiribati,2019,3
Kiribati,2020,0
Kiribati,2021,1
Marshall Islands,1974,0
Marshall Islands,1975,0
Marshall Islands,1976,0
Marshall Islands,1977,0
Marshall Islands,1978,0
Marshall Islands,1979,0
Marshall Islands,1980,0
Marshall Islands,1981,0
Marshall Islands,1982,0
Marshall Islands,1983,0
Marshall Islands,1984,0
Marshall Islands,1985,4
Marshall Islands,1986,1
Marshall Islands,1987,0
Marshall Islands,1988,
Marshall Islands,1989,13
Marshall Islands,1990,14
Marshall Islands,1991,19
Marshall Islands,1992,10
Marshall Islands,1993,9
Marshall Islands,1994,0
Marshall Islands,1995,
Marshall Islands,1996,0
Marshall Islands,1997,0
Marshall Islands,1998,0
Marshall Islands,1999,0
Marshall Islands,2000,0
Marshall Islands,2001,0
Marshall Islands,2002,0
Marshall Islands,2003,1127
Marshall Islands,2004,0
Marshall Islands,2005,0
Marshall Islands,2006,0
Marshall Islands,2007,0
Marshall Islands,2008,
Marshall Islands,2009,0
Marshall Islands,2010,0
Marshall Islands,2011,0
Marshall Islands,2012,0
Marshall Islands,2013,
Marshall Islands,2014,
Marshall Islands,2015,
Marshall Islands,2016,
Marshall Islands,2017,
Marshall Islands,2018,
Marshall Islands,2019,
Marshall Islands,2020,
Marshall Islands,2021,0
Mexico,1974,2325
Mexico,1975,1530
Mexico,1976,23722
Mexico,1977,24035
Mexico,1978,3078
Mexico,1979,10691
Mexico,1980,29730
Mexico,1981,11136
Mexico,1982,6364
Mexico,1983,3368
Mexico,1984,5158
Mexico,1985,23826
Mexico,1986,9824
Mexico,1987,2776
Mexico,1988,3915
Mexico,1989,20381
Mexico,1990,68782
Mexico,1991,5077
Mexico,1992,533
Mexico,1993,172
Mexico,1994,128
Mexico,1995,244
Mexico,1996,2
Mexico,1997,0
Mexico,1998,0
Mexico,1999,0
Mexico,2000,30
Mexico,2001,3
Mexico,2002,0
Mexico,2003,44
Mexico,2004,64
Mexico,2005,6
Mexico,2006,23
Mexico,2007,0
Mexico,2008,0
Mexico,2009,0
Mexico,2010,0
Mexico,2011,3
Mexico,2012,0
Mexico,2013,0
Mexico,2014,3
Mexico,2015,0
Mexico,2016,0
Mexico,2017,0
Mexico,2018,5
Mexico,2019,0
Mexico,2020,196
Mexico,2021,0
Micronesia (Federated States of),1974,
Micronesia (Federated States of),1975,
Micronesia (Federated States of),1976,
Micronesia (Federated States of),1977,
Micronesia (Federated States of),1978,
Micronesia (Federated States of),1979,
Micronesia (Federated States of),1980,
Micronesia (Federated States of),1981,
Micronesia (Federated States of),1982,
Micronesia (Federated States of),1983,
Micronesia (Federated States of),1984,
Micronesia (Federated States of),1985,
Micronesia (Federated States of),1986,
Micronesia (Federated States of),1987,1
Micronesia (Federated States of),1988,0
Micronesia (Federated States of),1989,0
Micronesia (Federated States of),1990,1
Micronesia (Federated States of),1991,0
Micronesia (Federated States of),1992,41
Micronesia (Federated States of),1993,0
Micronesia (Federated States of),1994,930
Micronesia (Federated States of),1995,0
Micronesia (Federated States of),1996,
Micronesia (Federated States of),1997,0
Micronesia (Federated States of),1998,0
Micronesia (Federated States of),1999,0
Micronesia (Federated States of),2000,0
Micronesia (Federated States of),2001,0
Micronesia (Federated States of),2002,
Micronesia (Federated States of),2003,0
Micronesia (Federated States of),2004,0
Micronesia (Federated States of),2005,0
Micronesia (Federated States of),2006,0
Micronesia (Federated States of),2007,0
Micronesia (Federated States of),2008,
Micronesia (Federated States of),2009,0
Micronesia (Federated States of),2010,
Micronesia (Federated States of),2011,0
Micronesia (Federated States of),2012,0
Micronesia (Federated States of),2013,0
Micronesia (Federated States of),2014,140
Micronesia (Federated States of),2015,0
Micronesia (Federated States of),2016,0
Micronesia (Federated States of),2017,0
Micronesia (Federated States of),2018,0
Micronesia (Federated States of),2019,0
Micronesia (Federated States of),2020,
Micronesia (Federated States of),2021,
Nauru,1974,
Nauru,1975,
Nauru,1976,
Nauru,1977,80
Nauru,1978,33
Nauru,1979,0
Nauru,1980,10
Nauru,1981,0
Nauru,1982,1
Nauru,1983,
Nauru,1984,
Nauru,1985,
Nauru,1986,1
Nauru,1987,0
Nauru,1988,
Nauru,1989,0
Nauru,1990,300
Nauru,1991,
Nauru,1992,
Nauru,1993,
Nauru,1994,
Nauru,1995,0
Nauru,1996,
Nauru,1997,58
Nauru,1998,
Nauru,1999,1
Nauru,2000,0
Nauru,2001,0
Nauru,2002,0
Nauru,2003,
Nauru,2004,0
Nauru,2005,0
Nauru,2006,0
Nauru,2007,0
Nauru,2008,0
Nauru,2009,0
Nauru,2010,
Nauru,2011,0
Nauru,2012,11
Nauru,2013,
Nauru,2014,
Nauru,2015,
Nauru,2016,0
Nauru,2017,
Nauru,2018,
Nauru,2019,0
Nauru,2020,
Nauru,2021,
New Zealand,1974,
New Zealand,1975,
New Zealand,1976,0
New Zealand,1977,0
New Zealand,1978,
New Zealand,1979,
New Zealand,1980,
New Zealand,1981,
New Zealand,1982,
New Zealand,1983,
New Zealand,1984,
New Zealand,1985,
New Zealand,1986,
New Zealand,1987,
New Zealand,1988,
New Zealand,1989,0
New Zealand,1990,
New Zealand,1991,9239
New Zealand,1992,
New Zealand,1993,69
New Zealand,1994,33
New Zealand,1995,
New Zealand,1996,
New Zealand,1997,2041
New Zealand,1998,164
New Zealand,1999,106
New Zealand,2000,65
New Zealand,2001,65
New Zealand,2002,21
New Zealand,2003,66
New Zealand,2004,33
New Zealand,2005,20
New Zealand,2006,20
New Zealand,2007,25
New Zealand,2008,
New Zealand,2009,198
New Zealand,2010,43
New Zealand,2011,597
New Zealand,2012,68
New Zealand,2013,8
New Zealand,2014,280
New Zealand,2015,10
New Zealand,2016,103
New Zealand,2017,15
New Zealand,2018,30
New Zealand,2019,2189
New Zealand,2020,7
New Zealand,2021,0
Nicaragua,1974,841
Nicaragua,1975,1934
Nicaragua,1976,1368
Nicaragua,1977,901
Nicaragua,1978,161
Nicaragua,1979,1270
Nicaragua,1980,3784
Nicaragua,1981,224
Nicaragua,1982,226
Nicaragua,1983,112
Nicaragua,1984,153
Nicaragua,1985,956
Nicaragua,1986,2550
Nicaragua,1987,792
Nicaragua,1988,314
Nicaragua,1989,0
Nicaragua,1990,0
Nicaragua,1991,0
Nicaragua,1992,2332
Nicaragua,1993,339
Nicaragua,1994,3
Nicaragua,1995,5
Nicaragua,1996,0
Nicaragua,1997,0
Nicaragua,1998,0
Nicaragua,1999,0
Nicaragua,2000,0
Nicaragua,2001,0
Nicaragua,2002,0
Nicaragua,2003,0
Nicaragua,2004,0
Nicaragua,2005,0
Nicaragua,2006,0
Nicaragua,2007,0
Nicaragua,2008,0
Nicaragua,2009,0
Nicaragua,2010,0
Nicaragua,2011,0
Nicaragua,2012,0
Nicaragua,2013,0
Nicaragua,2014,0
Nicaragua,2015,0
Nicaragua,2016,0
Nicaragua,2017,0
Nicaragua,2018,0
Nicaragua,2019,0
Nicaragua,2020,0
Nicaragua,2021,0
Palau,1974,0
Palau,1975,0
Palau,1976,0
Palau,1977,0
Palau,1978,0
Palau,1979,0
Palau,1980,0
Palau,1981,0
Palau,1982,0
Palau,1983,0
Palau,1984,0
Palau,1985,0
Palau,1986,0
Palau,1987,0
Palau,1988,0
Palau,1989,1
Palau,1990,0
Palau,1991,0
Palau,1992,0
Palau,1993,93
Palau,1994,0
Palau,1995,0
Palau,1996,0
Palau,1997,0
Palau,1998,1
Palau,1999,0
Palau,2000,0
Palau,2001,
Palau,2002,0
Palau,2003,
Palau,2004,0
Palau,2005,0
Palau,2006,0
Palau,2007,0
Palau,2008,0
Palau,2009,0
Palau,2010,0
Palau,2011,0
Palau,2012,0
Palau,2013,0
Palau,2014,0
Palau,2015,0
Palau,2016,0
Palau,2017,0
Palau,2018,
Palau,2019,
Palau,2020,
Palau,2021,
Panama,1974,508
Panama,1975,245
Panama,1976,1317
Panama,1977,2545
Panama,1978,2346
Panama,1979,4350
Panama,1980,2096
Panama,1981,4332
Panama,1982,4014
Panama,1983,595
Panama,1984,358
Panama,1985,4295
Panama,1986,4199
Panama,1987,1885
Panama,1988,378
Panama,1989,301
Panama,1990,1891
Panama,1991,2430
Panama,1992,845
Panama,1993,90
Panama,1994,3
Panama,1995,19
Panama,1996,0
Panama,1997,0
Panama,1998,0
Panama,1999,0
Panama,2000,0
Panama,2001,0
Panama,2002,0
Panama,2003,0
Panama,2004,0
Panama,2005,0
Panama,2006,0
Panama,2007,0
Panama,2008,0
Panama,2009,0
Panama,2010,0
Panama,2011,4
Panama,2012,0
Panama,2013,0
Panama,2014,0
Panama,2015,0
Panama,2016,0
Panama,2017,0
Panama,2018,0
Panama,2019,0
Panama,2020,0
Panama,2021,
Paraguay,1974,2601
Paraguay,1975,140
Paraguay,1976,1331
Paraguay,1977,1596
Paraguay,1978,487
Paraguay,1979,1309
Paraguay,1980,745
Paraguay,1981,428
Paraguay,1982,531
Paraguay,1983,1259
Paraguay,1984,979
Paraguay,1985,666
Paraguay,1986,610
Paraguay,1987,1742
Paraguay,1988,755
Paraguay,1989,386
Paraguay,1990,1396
Paraguay,1991,526
Paraguay,1992,864
Paraguay,1993,2066
Paraguay,1994,122
Paraguay,1995,73
Paraguay,1996,13
Paraguay,1997,143
Paraguay,1998,70
Paraguay,1999,0
Paraguay,2000,0
Paraguay,2001,0
Paraguay,2002,0
Paraguay,2003,0
Paraguay,2004,0
Paraguay,2005,0
Paraguay,2006,0
Paraguay,2007,0
Paraguay,2008,0
Paraguay,2009,0
Paraguay,2010,0
Paraguay,2011,0
Paraguay,2012,0
Paraguay,2013,0
Paraguay,2014,0
Paraguay,2015,0
Paraguay,2016,0
Paraguay,2017,0
Paraguay,2018,0
Paraguay,2019,0
Paraguay,2020,0
Paraguay,2021,0
Peru,1974,7687
Peru,1975,6749
Peru,1976,9761
Peru,1977,8827
Peru,1978,3386
Peru,1979,13345
Peru,1980,19246
Peru,1981,10071
Peru,1982,12708
Peru,1983,7619
Peru,1984,13039
Peru,1985,9393
Peru,1986,6099
Peru,1987,6240
Peru,1988,5785
Peru,1989,1145
Peru,1990,737
Peru,1991,1014
Peru,1992,22605
Peru,1993,1730
Peru,1994,670
Peru,1995,353
Peru,1996,105
Peru,1997,95
Peru,1998,10
Peru,1999,12
Peru,2000,1
Peru,2001,0
Peru,2002,0
Peru,2003,0
Peru,2004,0
Peru,2005,0
Peru,2006,0
Peru,2007,0
Peru,2008,1
Peru,2009,0
Peru,2010,0
Peru,2011,0
Peru,2012,0
Peru,2013,0
Peru,2014,0
Peru,2015,4
Peru,2016,0
Peru,2017,0
Peru,2018,42
Peru,2019,2
Peru,2020,0
Peru,2021,0
Saint Lucia,1974,382
Saint Lucia,1975,520
Saint Lucia,1976,725
Saint Lucia,1977,0
Saint Lucia,1978,134
Saint Lucia,1979,9
Saint Lucia,1980,35
Saint Lucia,1981,134
Saint Lucia,1982,2039
Saint Lucia,1983,71
Saint Lucia,1984,13
Saint Lucia,1985,9
Saint Lucia,1986,32
Saint Lucia,1987,4
Saint Lucia,1988,4
Saint Lucia,1989,10
Saint Lucia,1990,30
Saint Lucia,1991,2
Saint Lucia,1992,0
Saint Lucia,1993,0
Saint Lucia,1994,0
Saint Lucia,1995,2
Saint Lucia,1996,0
Saint Lucia,1997,0
Saint Lucia,1998,0
Saint Lucia,1999,0
Saint Lucia,2000,0
Saint Lucia,2001,0
Saint Lucia,2002,0
Saint Lucia,2003,0
Saint Lucia,2004,0
Saint Lucia,2005,0
Saint Lucia,2006,0
Saint Lucia,2007,0
Saint Lucia,2008,0
Saint Lucia,2009,0
Saint Lucia,2010,0
Saint Lucia,2011,0
Saint Lucia,2012,0
Saint Lucia,2013,0
Saint Lucia,2014,0
Saint Lucia,2015,0
Saint Lucia,2016,0
Saint Lucia,2017,0
Saint Lucia,2018,0
Saint Lucia,2019,0
Saint Lucia,2020,0
Saint Lucia,2021,0
Saint Vincent and the Grenadines,1974,1
Saint Vincent and the Grenadines,1975,202
Saint Vincent and the Grenadines,1976,7
Saint Vincent and the Grenadines,1977,
Saint Vincent and the Grenadines,1978,0
Saint Vincent and the Grenadines,1979,40
Saint Vincent and the Grenadines,1980,257
Saint Vincent and the Grenadines,1981,19
Saint Vincent and the Grenadines,1982,757
Saint Vincent and the Grenadines,1983,63
Saint Vincent and the Grenadines,1984,15
Saint Vincent and the Grenadines,1985,5
Saint Vincent and the Grenadines,1986,2
Saint Vincent and the Grenadines,1987,1
Saint Vincent and the Grenadines,1988,10
Saint Vincent and the Grenadines,1989,1
Saint Vincent and the Grenadines,1990,1
Saint Vincent and the Grenadines,1991,0
Saint Vincent and the Grenadines,1992,0
Saint Vincent and the Grenadines,1993,0
Saint Vincent and the Grenadines,1994,0
Saint Vincent and the Grenadines,1995,0
Saint Vincent and the Grenadines,1996,0
Saint Vincent and the Grenadines,1997,0
Saint Vincent and the Grenadines,1998,0
Saint Vincent and the Grenadines,1999,0
Saint Vincent and the Grenadines,2000,0
Saint Vincent and the Grenadines,2001,0
Saint Vincent and the Grenadines,2002,0
Saint Vincent and the Grenadines,2003,0
Saint Vincent and the Grenadines,2004,0
Saint Vincent and the Grenadines,2005,0
Saint Vincent and the Grenadines,2006,0
Saint Vincent and the Grenadines,2007,0
Saint Vincent and the Grenadines,2008,0
Saint Vincent and the Grenadines,2009,0
Saint Vincent and the Grenadines,2010,0
Saint Vincent and the Grenadines,2011,0
Saint Vincent and the Grenadines,2012,0
Saint Vincent and the Grenadines,2013,0
Saint Vincent and the Grenadines,2014,0
Saint Vincent and the Grenadines,2015,0
Saint Vincent and the Grenadines,2016,0
Saint Vincent and the Grenadines,2017,0
Saint Vincent and the Grenadines,2018,0
Saint Vincent and the Grenadines,2019,0
Saint Vincent and the Grenadines,2020,0
Saint Vincent and the Grenadines,2021,
Samoa,1974,538
Samoa,1975,314
Samoa,1976,1348
Samoa,1977,240
Samoa,1978,1026
Samoa,1979,68
Samoa,1980,376
Samoa,1981,72
Samoa,1982,28
Samoa,1983,7
Samoa,1984,0
Samoa,1985,1095
Samoa,1986,1
Samoa,1987,0
Samoa,1988,0
Samoa,1989,1
Samoa,1990,0
Samoa,1991,0
Samoa,1992,4
Samoa,1993,7
Samoa,1994,0
Samoa,1995,0
Samoa,1996,87
Samoa,1997,0
Samoa,1998,8
Samoa,1999,
Samoa,2000,
Samoa,2001,
Samoa,2002,
Samoa,2003,0
Samoa,2004,0
Samoa,2005,0
Samoa,2006,0
Samoa,2007,
Samoa,2008,
Samoa,2009,0
Samoa,2010,8
Samoa,2011,0
Samoa,2012,1
Samoa,2013,
Samoa,2014,
Samoa,2015,
Samoa,2016,
Samoa,2017,3
Samoa,2018,0
Samoa,2019,5687
Samoa,2020,11
Samoa,2021,3
Suriname,1974,0
Suriname,1975,
Suriname,1976,143
Suriname,1977,
Suriname,1978,0
Suriname,1979,0
Suriname,1980,254
Suriname,1981,716
Suriname,1982,647
Suriname,1983,17
Suriname,1984,40
Suriname,1985,110
Suriname,1986,37
Suriname,1987,5
Suriname,1988,68
Suriname,1989,0
Suriname,1990,35
Suriname,1991,0
Suriname,1992,0
Suriname,1993,0
Suriname,1994,0
Suriname,1995,0
Suriname,1996,0
Suriname,1997,0
Suriname,1998,0
Suriname,1999,0
Suriname,2000,0
Suriname,2001,0
Suriname,2002,0
Suriname,2003,0
Suriname,2004,0
Suriname,2005,0
Suriname,2006,0
Suriname,2007,0
Suriname,2008,0
Suriname,2009,0
Suriname,2010,0
Suriname,2011,0
Suriname,2012,0
Suriname,2013,0
Suriname,2014,0
Suriname,2015,0
Suriname,2016,0
Suriname,2017,0
Suriname,2018,0
Suriname,2019,0
Suriname,2020,0
Suriname,2021,0
Tonga,1974,34
Tonga,1975,0
Tonga,1976,2487
Tonga,1977,84
Tonga,1978,17
Tonga,1979,523
Tonga,1980,2336
Tonga,1981,187
Tonga,1982,19
Tonga,1983,36
Tonga,1984,5
Tonga,1985,412
Tonga,1986,233
Tonga,1987,0
Tonga,1988,0
Tonga,1989,25
Tonga,1990,65
Tonga,1991,18
Tonga,1992,10
Tonga,1993,0
Tonga,1994,
Tonga,1995,0
Tonga,1996,0
Tonga,1997,1081
Tonga,1998,36
Tonga,1999,6
Tonga,2000,0
Tonga,2001,4
Tonga,2002,0
Tonga,2003,0
Tonga,2004,0
Tonga,2005,0
Tonga,2006,0
Tonga,2007,0
Tonga,2008,0
Tonga,2009,0
Tonga,2010,0
Tonga,2011,0
Tonga,2012,0
Tonga,2013,0
Tonga,2014,
Tonga,2015,
Tonga,2016,0
Tonga,2017,0
Tonga,2018,0
Tonga,2019,659
Tonga,2020,
Tonga,2021,
Trinidad and Tobago,1974,219
Trinidad and Tobago,1975,244
Trinidad and Tobago,1976,589
Trinidad and Tobago,1977,1602
Trinidad and Tobago,1978,775
Trinidad and Tobago,1979,394
Trinidad and Tobago,1980,384
Trinidad and Tobago,1981,3601
Trinidad and Tobago,1982,1284
Trinidad and Tobago,1983,2392
Trinidad and Tobago,1984,3556
Trinidad and Tobago,1985,3549
Trinidad and Tobago,1986,2660
Trinidad and Tobago,1987,441
Trinidad and Tobago,1988,388
Trinidad and Tobago,1989,2170
Trinidad and Tobago,1990,511
Trinidad and Tobago,1991,141
Trinidad and Tobago,1992,0
Trinidad and Tobago,1993,0
Trinidad and Tobago,1994,0
Trinidad and Tobago,1995,0
Trinidad and Tobago,1996,0
Trinidad and Tobago,1997,1
Trinidad and Tobago,1998,0
Trinidad and Tobago,1999,0
Trinidad and Tobago,2000,0
Trinidad and Tobago,2001,0
Trinidad and Tobago,2002,0
Trinidad and Tobago,2003,0
Trinidad and Tobago,2004,0
Trinidad and Tobago,2005,0
Trinidad and Tobago,2006,0
Trinidad and Tobago,2007,0
Trinidad and Tobago,2008,0
Trinidad and Tobago,2009,0
Trinidad and Tobago,2010,0
Trinidad and Tobago,2011,0
Trinidad and Tobago,2012,0
Trinidad and Tobago,2013,0
Trinidad and Tobago,2014,0
Trinidad and Tobago,2015,0
Trinidad and Tobago,2016,0
Trinidad and Tobago,2017,0
Trinidad and Tobago,2018,0
Trinidad and Tobago,2019,0
Trinidad and Tobago,2020,0
Trinidad and Tobago,2021,0
Tuvalu,1974,
Tuvalu,1975,0
Tuvalu,1976,1
Tuvalu,1977,0
Tuvalu,1978,0
Tuvalu,1979,94
Tuvalu,1980,509
Tuvalu,1981,3
Tuvalu,1982,20
Tuvalu,1983,0
Tuvalu,1984,2
Tuvalu,1985,0
Tuvalu,1986,0
Tuvalu,1987,284
Tuvalu,1988,0
Tuvalu,1989,0
Tuvalu,1990,
Tuvalu,1991,0
Tuvalu,1992,1
Tuvalu,1993,0
Tuvalu,1994,0
Tuvalu,1995,1
Tuvalu,1996,51
Tuvalu,1997,14
Tuvalu,1998,
Tuvalu,1999,0
Tuvalu,2000,
Tuvalu,2001,0
Tuvalu,2002,0
Tuvalu,2003,0
Tuvalu,2004,0
Tuvalu,2005,0
Tuvalu,2006,0
Tuvalu,2007,0
Tuvalu,2008,0
Tuvalu,2009,0
Tuvalu,2010,0
Tuvalu,2011,0
Tuvalu,2012,0
Tuvalu,2013,
Tuvalu,2014,
Tuvalu,2015,
Tuvalu,2016,
Tuvalu,2017,
Tuvalu,2018,
Tuvalu,2019,0
Tuvalu,2020,
Tuvalu,2021,
United States of America,1974,22094
United States of America,1975,24374
United States of America,1976,41126
United States of America,1977,57345
United States of America,1978,26871
United States of America,1979,13597
United States of America,1980,13506
United States of America,1981,3124
United States of America,1982,1714
United States of America,1983,1497
United States of America,1984,2587
United States of America,1985,2822
United States of America,1986,6282
United States of America,1987,3655
United States of America,1988,3396
United States of America,1989,18193
United States of America,1990,27786
United States of America,1991,9643
United States of America,1992,2231
United States of America,1993,312
United States of America,1994,958
United States of America,1995,309
United States of America,1996,489
United States of America,1997,138
United States of America,1998,100
United States of America,1999,100
United States of America,2000,85
United States of America,2001,116
United States of America,2002,41
United States of America,2003,56
United States of America,2004,37
United States of America,2005,66
United States of America,2006,55
United States of America,2007,43
United States of America,2008,140
United States of America,2009,71
United States of America,2010,63
United States of America,2011,220
United States of America,2012,55
United States of America,2013,187
United States of America,2014,667
United States of America,2015,188
United States of America,2016,85
United States of America,2017,120
United States of America,2018,375
United States of America,2019,
United States of America,2020,1275
United States of America,2021,14
Uruguay,1974,4456
Uruguay,1975,5754
Uruguay,1976,1356
Uruguay,1977,5178
Uruguay,1978,552
Uruguay,1979,1226
Uruguay,1980,141
Uruguay,1981,15465
Uruguay,1982,135
Uruguay,1983,18
Uruguay,1984,352
Uruguay,1985,160
Uruguay,1986,198
Uruguay,1987,1190
Uruguay,1988,76
Uruguay,1989,20
Uruguay,1990,110
Uruguay,1991,2040
Uruguay,1992,187
Uruguay,1993,16
Uruguay,1994,0
Uruguay,1995,5
Uruguay,1996,2
Uruguay,1997,2
Uruguay,1998,6
Uruguay,1999,34
Uruguay,2000,0
Uruguay,2001,0
Uruguay,2002,0
Uruguay,2003,0
Uruguay,2004,0
Uruguay,2005,0
Uruguay,2006,0
Uruguay,2007,0
Uruguay,2008,0
Uruguay,2009,0
Uruguay,2010,0
Uruguay,2011,0
Uruguay,2012,0
Uruguay,2013,0
Uruguay,2014,0
Uruguay,2015,0
Uruguay,2016,0
Uruguay,2017,0
Uruguay,2018,0
Uruguay,2019,9
Uruguay,2020,2
Uruguay,2021,0
Vanuatu,1974,
Vanuatu,1975,129
Vanuatu,1976,24
Vanuatu,1977,1133
Vanuatu,1978,378
Vanuatu,1979,7
Vanuatu,1980,39
Vanuatu,1981,45
Vanuatu,1982,832
Vanuatu,1983,401
Vanuatu,1984,1634
Vanuatu,1985,940
Vanuatu,1986,1064
Vanuatu,1987,253
Vanuatu,1988,140
Vanuatu,1989,169
Vanuatu,1990,67
Vanuatu,1991,541
Vanuatu,1992,154
Vanuatu,1993,67
Vanuatu,1994,27
Vanuatu,1995,27
Vanuatu,1996,4
Vanuatu,1997,113
Vanuatu,1998,
Vanuatu,1999,12
Vanuatu,2000,9
Vanuatu,2001,7
Vanuatu,2002,101
Vanuatu,2003,165
Vanuatu,2004,
Vanuatu,2005,3
Vanuatu,2006,0
Vanuatu,2007,0
Vanuatu,2008,0
Vanuatu,2009,0
Vanuatu,2010,0
Vanuatu,2011,0
Vanuatu,2012,0
Vanuatu,2013,0
Vanuatu,2014,10
Vanuatu,2015,39
Vanuatu,2016,
Vanuatu,2017,
Vanuatu,2018,0
Vanuatu,2019,0
Vanuatu,2020,0
Vanuatu,2021,0
Venezuela (Bolivarian Republic of),1974,33454
Venezuela (Bolivarian Republic of),1975,34796
Venezuela (Bolivarian Republic of),1976,23268
Venezuela (Bolivarian Republic of),1977,13330
Venezuela (Bolivarian Republic of),1978,18568
Venezuela (Bolivarian Republic of),1979,21691
Venezuela (Bolivarian Republic of),1980,9750
Venezuela (Bolivarian Republic of),1981,31255
Venezuela (Bolivarian Republic of),1982,14200
Venezuela (Bolivarian Republic of),1983,11263
Venezuela (Bolivarian Republic of),1984,11833
Venezuela (Bolivarian Republic of),1985,21974
Venezuela (Bolivarian Republic of),1986,14026
Venezuela (Bolivarian Republic of),1987,19261
Venezuela (Bolivarian Republic of),1988,12339
Venezuela (Bolivarian Republic of),1989,10160
Venezuela (Bolivarian Republic of),1990,9881
Venezuela (Bolivarian Republic of),1991,15273
Venezuela (Bolivarian Republic of),1992,11949
Venezuela (Bolivarian Republic of),1993,20244
Venezuela (Bolivarian Republic of),1994,15364
Venezuela (Bolivarian Republic of),1995,172
Venezuela (Bolivarian Republic of),1996,89
Venezuela (Bolivarian Republic of),1997,27
Venezuela (Bolivarian Republic of),1998,4
Venezuela (Bolivarian Republic of),1999,0
Venezuela (Bolivarian Republic of),2000,22
Venezuela (Bolivarian Republic of),2001,115
Venezuela (Bolivarian Republic of),2002,2392
Venezuela (Bolivarian Republic of),2003,0
Venezuela (Bolivarian Republic of),2004,0
Venezuela (Bolivarian Republic of),2005,0
Venezuela (Bolivarian Republic of),2006,78
Venezuela (Bolivarian Republic of),2007,32
Venezuela (Bolivarian Republic of),2008,0
Venezuela (Bolivarian Republic of),2009,0
Venezuela (Bolivarian Republic of),2010,0
Venezuela (Bolivarian Republic of),2011,0
Venezuela (Bolivarian Republic of),2012,1
Venezuela (Bolivarian Republic of),2013,0
Venezuela (Bolivarian Republic of),2014,0
Venezuela (Bolivarian Republic of),2015,0
Venezuela (Bolivarian Republic of),2016,0
Venezuela (Bolivarian Republic of),2017,727
Venezuela (Bolivarian Republic of),2018,5667
Venezuela (Bolivarian Republic of),2019,548
Venezuela (Bolivarian Republic of),2020,0
Venezuela (Bolivarian Republic of),2021,0
